0:01:01,Broadcaster,노잼망겜,
0:01:37,Broadcaster,노잼망겜,
0:02:13,Broadcaster,노잼망겜,
0:03:20,Broadcaster,노잼망겜,
0:04:37,Broadcaster,노잼망겜,
0:07:48,Broadcaster,노잼망겜,
0:09:32,Broadcaster,노잼망겜,
0:11:52,Broadcaster,노잼망겜,
0:13:17,Broadcaster,노잼망겜,
0:15:35,Broadcaster,노잼망겜,
0:16:31,Broadcaster,노잼망겜,
0:18:09,Broadcaster,노잼망겜,
0:20:26,Broadcaster,노잼망겜,
0:26:31,Broadcaster,노잼망겜,
0:30:14,Broadcaster,노잼망겜,
0:31:58,Broadcaster,노잼망겜,
0:32:29,Broadcaster,노잼망겜,
0:35:18,Broadcaster,노잼망겜,
0:35:48,Broadcaster,노잼망겜,
0:37:59,Broadcaster,노잼망겜,
0:39:19,Broadcaster,노잼망겜,
0:39:59,Broadcaster,노잼망겜,
0:41:42,Broadcaster,노잼망겜,
0:42:59,Broadcaster,노잼망겜,
0:43:51,Broadcaster,노잼망겜,
0:44:52,Broadcaster,노잼망겜,
0:46:18,Broadcaster,노잼망겜,
0:46:48,Broadcaster,노잼망겜,
0:47:13,Broadcaster,노잼망겜,
0:47:44,Broadcaster,노잼망겜,
0:47:59,Broadcaster,노잼망겜,
0:49:19,Broadcaster,노잼망겜,
0:50:03,Broadcaster,노잼망겜,
0:51:45,Broadcaster,노잼망겜,
0:53:51,Broadcaster,노잼망겜,
0:55:34,Broadcaster,노잼망겜,
0:56:53,Broadcaster,노잼망겜,
0:58:49,Broadcaster,노잼망겜,
0:59:19,Broadcaster,노잼망겜,
0:59:55,Broadcaster,노잼망겜,
1:01:25,Broadcaster,노잼망겜,
1:05:21,Broadcaster,노잼망겜,
1:08:08,Broadcaster,노잼망겜,
1:08:34,Broadcaster,노잼망겜,
1:10:03,Broadcaster,노잼망겜,
1:10:21,Broadcaster,노잼망겜,
1:10:38,Broadcaster,노잼망겜,
1:11:05,Broadcaster,노잼망겜,
1:11:15,Broadcaster,노잼망겜,
1:12:14,Broadcaster,노잼망겜,
1:12:34,Broadcaster,노잼망겜,
1:12:59,Broadcaster,노잼망겜,
1:14:44,Broadcaster,노잼망겜,
1:17:46,Broadcaster,노잼망겜,
1:17:57,Broadcaster,노잼망겜,
1:20:26,Broadcaster,노잼망겜,
1:24:55,Broadcaster,노잼망겜,
1:25:34,Broadcaster,노잼망겜,
1:32:15,Broadcaster,노잼망겜,
1:38:11,Broadcaster,노잼망겜,
1:41:08,Broadcaster,노잼망겜,
1:47:13,Broadcaster,노잼망겜,
1:53:46,Broadcaster,노잼망겜,
1:55:06,Broadcaster,노잼망겜,
1:59:01,Broadcaster,노잼망겜,
1:59:50,Broadcaster,노잼망겜,
2:01:39,Broadcaster,노잼망겜,
2:04:22,Broadcaster,노잼망겜,
2:08:53,Broadcaster,노잼망겜,
2:10:08,Broadcaster,노잼망겜,
2:10:55,Broadcaster,노잼망겜,
2:13:03,Broadcaster,노잼망겜,
2:15:34,Broadcaster,노잼망겜,
2:18:41,Broadcaster,노잼망겜,
2:20:31,Broadcaster,노잼망겜,
2:22:13,Broadcaster,노잼망겜,
2:24:57,Broadcaster,노잼망겜,
2:25:44,Broadcaster,노잼망겜,
2:27:37,Broadcaster,노잼망겜,
2:27:50,Broadcaster,노잼망겜,
2:29:13,Broadcaster,노잼망겜,
2:33:45,Broadcaster,노잼망겜,
2:38:41,Broadcaster,노잼망겜,
2:38:52,Broadcaster,노잼망겜,
2:46:49,Broadcaster,노잼망겜,
2:49:57,Broadcaster,노잼망겜,
2:51:20,Broadcaster,노잼망겜,
2:51:35,Broadcaster,노잼망겜,
2:52:44,Broadcaster,노잼망겜,
2:55:01,Broadcaster,노잼망겜,
2:58:24,Broadcaster,노잼망겜,
2:59:09,Broadcaster,노잼망겜,
2:59:20,Broadcaster,노잼망겜,
3:00:01,Broadcaster,노잼망겜,
3:00:19,Broadcaster,노잼망겜,
3:00:41,Broadcaster,노잼망겜,
3:02:46,Broadcaster,노잼망겜,
3:03:26,Broadcaster,노잼망겜,
3:05:03,Broadcaster,노잼망겜,
3:06:02,Broadcaster,노잼망겜,
3:09:59,Broadcaster,노잼망겜,
3:14:01,Broadcaster,노잼망겜,
3:15:49,Broadcaster,노잼망겜,
3:18:04,Broadcaster,노잼망겜,
3:20:57,Broadcaster,노잼망겜,
3:21:25,Broadcaster,노잼망겜,
3:24:11,Broadcaster,노잼망겜,
3:25:13,Broadcaster,노잼망겜,
3:25:49,Broadcaster,노잼망겜,
3:27:58,Broadcaster,노잼망겜,
3:28:38,Broadcaster,노잼망겜,
3:29:57,Broadcaster,노잼망겜,
3:30:17,Broadcaster,노잼망겜,
3:31:07,Broadcaster,노잼망겜,
3:31:38,Broadcaster,노잼망겜,
3:34:27,Broadcaster,노잼망겜,
3:35:28,Broadcaster,노잼망겜,
3:35:45,Broadcaster,노잼망겜,
3:36:36,Broadcaster,노잼망겜,
3:38:12,Broadcaster,노잼망겜,
3:41:08,Broadcaster,노잼망겜,
3:41:15,Broadcaster,노잼망겜,
3:44:01,Broadcaster,노잼망겜,
3:45:50,Broadcaster,노잼망겜,
3:46:50,Broadcaster,노잼망겜,
3:49:41,Broadcaster,노잼망겜,
3:50:22,Broadcaster,노잼망겜,
3:50:46,Broadcaster,노잼망겜,
3:51:03,Broadcaster,노잼망겜,
3:51:34,Broadcaster,노잼망겜,
3:52:12,Broadcaster,노잼망겜,
3:52:42,Broadcaster,노잼망겜,
3:54:28,Broadcaster,노잼망겜,
3:55:28,Broadcaster,노잼망겜,
3:55:46,Broadcaster,노잼망겜,
3:57:09,Broadcaster,노잼망겜,
3:59:54,Broadcaster,노잼망겜,
4:03:59,Broadcaster,노잼망겜,
4:04:12,Broadcaster,노잼망겜,
4:05:18,Broadcaster,노잼망겜,
4:06:10,Broadcaster,노잼망겜,
4:06:32,Broadcaster,노잼망겜,
4:07:39,Broadcaster,노잼망겜,
4:08:45,Broadcaster,노잼망겜,
4:09:01,Broadcaster,노잼망겜,
4:10:05,Broadcaster,노잼망겜,
4:10:14,Broadcaster,노잼망겜,
4:10:49,Broadcaster,노잼망겜,
4:11:43,Broadcaster,노잼망겜,
4:12:36,Broadcaster,노잼망겜,
4:13:34,Broadcaster,노잼망겜,
4:15:48,Broadcaster,노잼망겜,
4:16:09,Broadcaster,노잼망겜,
4:18:04,Broadcaster,노잼망겜,
4:19:05,Broadcaster,노잼망겜,
4:21:38,Broadcaster,노잼망겜,
4:28:21,Broadcaster,노잼망겜,
4:29:57,Broadcaster,노잼망겜,
4:31:04,Broadcaster,노잼망겜,
4:32:28,Broadcaster,노잼망겜,
4:36:08,Broadcaster,노잼망겜,
4:40:55,Broadcaster,노잼망겜,
4:45:25,Broadcaster,노잼망겜,
4:46:57,Broadcaster,노잼망겜,
4:47:59,Broadcaster,노잼망겜,
4:48:13,Broadcaster,노잼망겜,
4:48:28,Broadcaster,노잼망겜,
4:48:57,Broadcaster,노잼망겜,
4:49:11,Broadcaster,노잼망겜,
4:49:21,Broadcaster,노잼망겜,
4:50:12,Broadcaster,노잼망겜,
4:50:27,Broadcaster,노잼망겜,
4:52:07,Broadcaster,노잼망겜,
4:53:04,Broadcaster,노잼망겜,
5:01:19,Broadcaster,노잼망겜,
5:01:59,Broadcaster,노잼망겜,
5:04:27,Broadcaster,노잼망겜,
5:06:47,Broadcaster,노잼망겜,
